word,type
peeps,slang
compo,slang
hasbian,slang
mozzie,slang
soused,slang
conniption,slang
workaround,slang
fap,slang
lemme,slang
shiesty,slang
spec-ops,slang
sicc,slang
wut,slang
sesh,slang
trisexual,slang
motherfucking,slang
a-list,slang
spec,slang
gangsta,slang
horribad,slang
twit,slang
zooted,slang
lame-o,slang
shtick,slang
duckface,slang
tweeker,slang
blowjob,slang
dis,slang
crappy,slang
spam,slang
gunt,slang
rehab,slang
pregos,slang
bromance,slang
bumfuck,slang
gotsta,slang
whadja,slang
tenner,slang
poopy,slang
roshambo,slang
prettyful,slang
jerkwad,slang
skeevy,slang
badass,slang
skyrocket,slang
snitch,slang
bro,slang
chones,slang
colitas,slang
pedo,slang
roofie,slang
mosey,slang
gorp,slang
shart,slang
glitterati,slang
relly,slang
dang,slang
thingamabob,slang
jalopy,slang
jabroni,slang
meme,slang
netizen,slang
slore,slang
blumpkin,slang
plastered,slang
nuker,slang
dudette,slang
fanboy,slang
rapey,slang
preemie,slang
McDreamy,slang
sucky,slang
sinse,slang
bonehead,slang
blankie,slang
bupkis,slang
dogg,slang
lowkey,slang
chillax,slang
bling,slang
agenda,nonslang
lawlessness,nonslang
chug,nonslang
nonskid,nonslang
sympathizer,nonslang
despoil,nonslang
milepost,nonslang
vanadium,nonslang
competencies,nonslang
mushroom,nonslang
jugglers,nonslang
doubleheader,nonslang
decomposition,nonslang
rump,nonslang
heaviest,nonslang
echo,nonslang
scallywag,nonslang
peppy,nonslang
shield,nonslang
banzai,nonslang
pantsuit,nonslang
legalist,nonslang
moldovan,nonslang
terrifies,nonslang
postural,nonslang
butane,nonslang
grisly,nonslang
scheme,nonslang
jute,nonslang
anticlockwise,nonslang
underrated,nonslang
trampolining,nonslang
awesome,nonslang
humblest,nonslang
galavant,nonslang
sailor,nonslang
fiddled,nonslang
intimidator,nonslang
bright,nonslang
epilator,nonslang
sabertooth,nonslang
calorie,nonslang
conventionally,nonslang
telogen,nonslang
deathblow,nonslang
repentant,nonslang
superabundance,nonslang
admitting,nonslang
scummiest,nonslang
strap,nonslang
shylock,nonslang
glutton,nonslang
squall,nonslang
unicorn,nonslang
underpainting,nonslang
morphology,nonslang
avoiders,nonslang
outlawing,nonslang
protocol,nonslang
ignites,nonslang
didot,nonslang
sculptured,nonslang
committeeman,nonslang
snug,nonslang
mistreatment,nonslang
greeting,nonslang
groans,nonslang
unlike,nonslang
unmatched,nonslang
steeple,nonslang
estimated,nonslang
contenders,nonslang
allotted,nonslang
enhancements,nonslang
copyediting,nonslang
adulterous,nonslang
upgrade,nonslang
haircut,nonslang
inclusive,nonslang
they,nonslang
performative,nonslang
zombie,both
annihilated,both
grub,both
styling,both
streak,both
thirsty,both
bomb,both
fire,both
zounds,both
freckle,both
gridlock,both
kosher,both
money,both
crock,both
locks,both
rad,both
gag,both
booty,both
walkie,both
tool,both
jill,both
ratchet,both
hell,both
God,both
threads,both
gnarly,both
bowl,both
pecker,both
swap,both
book,both
screaming,both
thick,both
foxy,both
scream,both
walk,both
eye,both
roadkill,both
dirt,both
fat,both
item,both
plums,both
grip,both
move,both
jock,both
hanger,both
brains,both
mine,both
pinch,both
tweaker,both
fruitcake,both
whippet,both
wrecked,both
kick,both
sausage,both
pig,both
egg,both
peeper,both
head,both
mule,both
fence,both
gumby,both
fluffer,both
toots,both
classic,both
bloody,both
stat,both
stew,both
dim,both
postal,both
gig,both
beef,both
decompress,both
bookmark,both
chicken,both
squawk,both
peckish,both
split,both
dose,both
scoot,both
mad,both
bastard,both
bounce,both
candle,both
scissor,both
windy,both
balling,both
jammed,both
sneak,both
ghost,both
hitter,both
smoked,both
down,both
