,words
0,0 day
1,1
2,10
3,101
4,10-20
5,1080
6,11
7,110 percent
8,1337
9,133t
10,1432
11,180
12,187
13,19th hole
14,1st base
15,2
16,24/7
17,2nd base
18,2nite
19,304
20,31337
21,3rd base
22,3rd wheel
23,3-ring circus
24,3 sheets to the wind
25,40
26,411
27,"411, the"
28,420
29,4/20
30,4:20
31,45 minute Catholic
32,4-banger
33,4ine
34,5-0
35,516
36,5 by 5
37,5ux0r
38,6
39,69
40,6 up
41,70s bush
42,9
43,9 to 5
44,A2M
45,AB
46,abandonware
47,ABC
48,ABC party
49,ABD
50,ABDL
51,AB/DL
52,Abe Lincoln
53,aboot
54,about it
55,abs
56,abso-fucking-lutely
57,abso-fuckin'-lutely
58,abt
59,AC
60,AC-DC
61,ace boon coon
62,ace buddy
63,acid
64,acid head
65,ACK
66,acqui-hire
67,act brand new
68,action item
69,act like (one's) shit doesn't stink
70,act like (one's) shit don't stink
71,addy
72,a dollar three eightyfive
73,adorbs
74,adult
75,adware
76,AeA
77,af
78,a face that only a mother could love
79,AFAICR
80,AFAICS
81,AFAICT
82,AFAIK
83,AFAIU
84,AFAIUI
85,afeared
86,a few
87,AFK
88,aforetexted
89,afraid of (one's) shadow
90,afro
91,after (one's) own heart
92,against the clock
93,-age
94,agen
95,aha moment
96,a hell of a
97,a hell of an
98,ahole
99,a humdinger
100,aight
101,ain't
102,ain't no thing but a chicken wing
103,air biscuit
104,air con
105,Air Farce
106,air guitar
107,airtight
108,AKA
109,a kick
110,aks
111,Alaskan fire dragon
112,a laugh
113,alcamahol
114,alcopop
115,algo
116,a-list
117,a-lister
118,a little birdie told me
119,a little bird told me
120,all
121,all clear
122,alley oop
123,all good
124,alligator arms
125,all-nighter
126,all over
127,all over (one's) asses
128,all righty
129,all systems go
130,all that
131,all that and a bag of chips
132,all that and a bag of Fritos
133,all the
134,all-there
135,all up in
136,all y'all
137,all your base are belong to us
138,along for the ride
139,a lot on (one's) plate
140,alpha
141,alrighty
142,also-ran
143,alt
144,AMA
145,amaze-balls
146,Amazon
147,ambo
148,AMF
149,ammo
150,amped
151,amped-out
152,amped up
153,amp up
154,anaconda
155,anal
156,anal acoustics
157,anal leakage
158,anal retentive
159,an arm and a leg
160,and a half
161,and change
162,and stuff
163,"and you know this, man"
164,angel dust
165,angel tears
166,angry dragon
167,annihilated
168,anotha
169,anti-Midas touch
170,anyone's call
171,anywho
172,A-Ok
173,ape shit
174,app
175,-arino
176,arm candy
177,armor
178,arse
179,arsehole
180,arseholed
181,arse over tit
182,arse up
183,artist
184,artistic license
185,as all get-out
186,as all hell
187,ASAP
188,-asaurus
189,-asaurus rex
190,as cheese
191,asf
192,as fuck
193,as happy as a clam
194,as hell
195,as if
196,ask
197,ask (one) out
198,ASL
199,A/S/L
200,ASLR
201,ASLRP
202,as much use as a chocolate fireguard
203,as much use as a chocolate teapot
204,as much use as a handbrake on a canoe
205,ass
206,-ass
207,ass blast
208,asscan
209,ass crack
210,ass face
211,assful
212,ass gasket
213,as shit
214,asshole
215,assholery
216,ass-kicking
217,ass-load
218,ass munch
219,ass over tea kettle
220,ass-to-mouth
221,ass-ton
222,ass up
223,ass whooping
224,as the crow flies
225,astroturfing
226,ate up
227,at loggerheads with
228,ATM
229,at scale
230,attention whore
231,at the end of (one's) rope
232,Audi
233,Audi 5000
234,aught
235,"aughts, the"
236,Aunt Flo
237,auto-fellatio
238,autograph
239,automagically
240,avatar
241,Avatard
242,avo
243,AWD
244,awesome
245,awesome possum
246,awesome sauce
247,AWOL
248,awsum
249,axe wound
250,B4
251,babelicious
252,babe magnet
253,baby
254,baby batter
255,baby blockers
256,baby cakes
257,baby crazy
258,baby daddy
259,baby doll
260,babygirl
261,baby gravy
262,baby mama
263,back 40
264,back asswards
265,back door
266,back door man
267,"back-door trots, the"
268,backhanded compliment
269,back in the day
270,backronym
271,back room
272,backstabber
273,backwards
274,bad
275,bad-ass
276,bad boy
277,bad cop
278,bad egg
279,bad guy
280,bad juju
281,badly wrapped kebab
282,bad-mouth
283,bad news
284,bad news Bears
285,badonkadonk
286,bad seed
287,badussy
288,bag bitch
289,bag fries
290,bagger
291,bag lady
292,bag of shit
293,bag on
294,bah
295,bail
296,bail on
297,bail out
298,baked
299,bake-out
300,balcony
301,balderdash
302,bald man in a boat
303,Baldy
304,baller
305,balling
306,balloon knot
307,ball-park figure
308,balls
309,ball sack
310,balls deep
311,ballsy
312,baloney
313,baloney pony
314,Baltimoron
315,bam
316,bamboozle
317,banana hammock
318,bananas
319,band
320,bang
321,bang and boot
322,bang buddy
323,bang for (one's) buck
324,bang on
325,bang out
326,bang up job
327,banhammer
328,bank
329,banus
330,bap
331,bar
332,barbie
333,bare
334,bareback
335,barf
336,bar fly
337,barge
338,barge into
339,bar hop
340,barkeep
341,Barking Spider
342,barn door
343,basic
344,bastard
345,bat an eye
346,bate
347,bat for the other team
348,Batman and Robin
349,bat-shit crazy
350,batty
351,bawl
352,baz
353,bazillion
354,bb
355,b-ball
356,BBC
357,BBD
358,BBL
359,BBW
360,bby
361,b/c
362,BC bud
363,bcoz
364,bday
365,b-day
366,beach bod
367,beak
368,be all about
369,be all over
370,Beamer
371,bean counter
372,bear
373,bearded clam
374,beast
375,beastly
376,beat
377,beat a dead horse
378,beat all to hell
379,beat around the bush
380,beatch
381,beater
382,beat it
383,beat off
384,beat (one's) meat
385,beat the shit out of
386,beat-up
387,beat with the ugly stick
388,beautimus
389,beaver
390,bed head
391,be easy
392,"Beeb, the"
393,beef curtain
394,beef flap
395,beef up
396,beefy
397,beej
398,Beemer
399,beep face
400,beer
401,beer belly
402,beer bi
403,beer fart
404,beer goggles
405,beer gut
406,"bee's knees, the"
407,bee sting
408,be fender meat
409,behymen
410,bejesus
411,belfie
412,be life
413,be like
414,"belly of the beast, the"
415,belt-tightening
416,benchy
417,bender
418,bend (one's) ear
419,bend over
420,benes
421,benny
422,bent
423,bent out of shape
424,Benz
425,be out
426,be out of here
427,be real
428,bestest
429,bestie
430,best-of-breed
431,be straight-up
432,"best thing since sliced bread, the"
433,better half
434,Betty
435,be ugly
436,be up to
437,bewb
438,be with
439,beyotch
440,BFD
441,BFE
442,BFF
443,BFFE
444,BFFL
445,BFFWEOAGSA
446,bi
447,biatch
448,bible thumper
449,Bible-thumping
450,bibs
451,Bic
452,bid
453,biddie
454,Biebtard
455,biff
456,biffle
457,big
458,big-boned
459,big daddy
460,big dog
461,big gun
462,"big leagues, the"
463,big old
464,"big O, the"
465,big rig
466,"bigs, the"
467,big stink
468,big-time
469,big white telephone
470,big whoop
471,bike
472,bikeshed
473,Billy Mays Mode
474,bimbo
475,bin
476,bindle
477,binge drink
478,bint
479,bio break
480,biotch
481,"birds and the bees, the"
482,birth cannon
483,birthday suit
484,bisnitch
485,bisnotch
486,bit
487,bitch ass
488,bitchin'
489,bitch out
490,bitch tit
491,bite
492,bite it
493,bite me
494,bite (one's) ass
495,bite (one's) nails
496,biter
497,bite the big one
498,bite the dust
499,bite the pillow
500,bitter
501,bizatch
502,biznass
503,biznatch
504,biznitch
505,bizzounce
506,BJ
507,blabber
508,black belt
509,blankie
510,blarg
511,blargh
512,blast
513,blaze
514,blazing
515,blech
516,bleed dry
517,bleeding
518,bleeping
519,blimey
520,blind spot
521,bling bling
522,blinker fluid
523,blip
524,blitzed
525,blivet
526,blivit
527,bloatware
528,blog
529,blogosphere
530,blood
531,bloody
532,blow
533,blow a fuse
534,blow a gasket
535,blowcaine
536,blow chunks
537,blowie
538,blowjob
539,blowout
540,blow snot rockets
541,blow this joint
542,blow up (one's) bathroom
543,blowy
544,blue balls
545,blue-hair
546,blue marble
547,blue pill
548,"blues, the"
549,blue waffle
550,bluey
551,blumpken
552,blumpkin
553,blunt
554,blurgh
555,B.M.
556,boat
557,bobby
558,bob knob
559,bob on a knob
560,bob on knob
561,bob some knob
562,Bob's your uncle
563,bod
564,bodice-ripper
565,boed
566,bof
567,boff
568,boffin
569,bog
570,Bogart
571,BOGO
572,BOGOF
573,bog roll
574,bogus
575,BOHICA
576,boi
577,boid
578,boink
579,Bolivian marching powder
580,bollock
581,bollock naked
582,bollocks
583,Bollywood
584,bologna
585,bomb
586,"bomb diggidy, the"
587,"bomb, the"
588,bondage and discipline language
589,bone
590,bonehead
591,boner
592,boob
593,boobage
594,booboo
595,booby
596,booby bar
597,boof
598,booger sugar
599,boogy
600,boo hoo
601,book
602,book it
603,bookmark
604,book smarts
605,boomer
606,boom stick
607,boondoggle
608,boone-doggle
609,"boonies, the"
610,booshi
611,boost
612,boot and rally
613,booth babe
614,bootlicker
615,boots on the ground
616,booty
617,booty call
618,booty chatter
619,booty-cheddar
620,booze
621,boozy
622,bored to death
623,boreout
624,bore shitless
625,bore to death
626,bork
627,borked
628,borrow
629,boss
630,bossman
631,botch up
632,bottle blonde
633,bounce
634,bounce out
635,bouncer
636,bourgee
637,bousta
638,bout it
639,bowl
640,boy
641,boy band
642,boyfriended up
643,boy howdy
644,boy toy
645,bozo
646,bra
647,bracelets
648,brain
649,brains
650,brainstorm
651,brainy
652,brand ambassador
653,brass clankers
654,BRB
655,bread and butter
656,bread crumb
657,break a leg
658,break camp
659,break it off
660,break (one's) arm patting (one's self) on the back
661,break the seal
662,break up
663,break up with
664,break wind
665,breasteses
666,breezer
667,breezy
668,brewski
669,brick-and-mortar
670,bridezilla
671,bright
672,brill
673,bring home the bacon
674,bring it
675,bro
676,broad
677,broad in the beam
678,broke as a joke
679,broken
680,bromance
681,broner
682,brony
683,Brotox
684,brownie point
685,brown-noser
686,BRT
687,bruddah
688,bruh
689,brutes
690,bruv
691,BS
692,b school
693,BT dub
694,BT dubs
695,BTW
696,bubble butt
697,bubblegum pop
698,bucket list
699,buck wild
700,budgie
701,budgie smugglers
702,budissy
703,buff
704,buffoon
705,Buffy
706,bug
707,bug-for-bug compatible
708,bugfucker
709,bugged
710,bugger about
711,buggering
712,bug out
713,built
714,bukkake
715,bullet
716,bull honky
717,bullshit
718,bull shit
719,bull stuff
720,bully
721,bum
722,bum around
723,bum bandit
724,Bumblefuck
725,bumder
726,bumfuck
727,bumlick
728,bummage
729,bummer days
730,bump fuzzies
731,bumping
732,bump in the road
733,bumpkiss
734,bun bun
735,bunch
736,bun fight
737,bunk-ass
738,buns
739,bupkis
740,"'burbs, the"
741,burned out
742,burnie
743,burninate
744,burn-out
745,burn through
746,burst (one's) bubble
747,bushed
748,bush league
749,bust a cap
750,bust a dook
751,bust a groove
752,bust a grub
753,bust a grumpie
754,bust a grumpy
755,bust a nut
756,bust a sag
757,bust ass
758,bust balls
759,busted
760,bust for a wee
761,bust (one's) back
762,bust (one's) chops
763,bust (one's) hump
764,bust (one's) nut
765,bust out
766,bust up
767,busy work
768,butch
769,butt cheek
770,butt crack
771,butt-dial
772,butter
773,butter face
774,butter up
775,"Butt-Fuck, Egypt"
776,butt hole
777,butt hugger
778,butthurt
779,butt-hurt
780,butt-load
781,butt naked
782,butt play
783,butt ugly
784,buy-in
785,buzz
786,buzzed
787,BYOB
788,by (one's) lonesome
789,BYOW
790,by the book
791,by the skin of (one's) teeth
792,BYU
793,cab
794,cabbaged
795,caboose
796,Cab Sav
797,caca
798,CAE
799,caf
800,cake hole
801,cake walk
802,calcs
803,calendar
804,California stop
805,call
806,call Huey on the big white telephone
807,call it a night
808,call on
809,call (one's) name
810,call out
811,cam
812,cancer stick
813,candle
814,candy
815,candy-ass
816,candy-assed
817,candy-coat
818,candy flip
819,candy raver
820,can it
821,can of worms
822,can suck chrome off a tail pipe
823,can suck the chrome off a tail pipe
824,can suck the chrome off a trailer hitch
825,can't be arsed
826,can't even
827,can't understand normal thinking
828,cap
829,capeesh
830,capital-
831,capitol
832,carny
833,carrot snapper
834,carry a torch
835,car surf
836,case of the Mondays
837,cash
838,cashed
839,casting couch
840,cat
841,catch and release
842,catcher
843,catch later
844,catch on
845,catch some z's
846,catch the d
847,catch the fair one
848,cathouse
849,cat nap
850,cat's ass
851,cattywompus
852,'cause
853,"cavalry, the"
854,cave
855,CBA
856,CCW
857,celeb
858,celebrate 4-20
859,celebutante
860,celebutard
861,cell
862,cellar saver
863,celly
864,cereal
865,certifiable
866,cewebrity
867,CFM boots
868,cha ching
869,Chair Force
870,champagne problem
871,champers
872,Charlie Foxtrot
873,chase (one's) tail
874,chase paper
875,chatterbox
876,cheat sheet
877,check out
878,cheddar
879,chedder
880,cheeky few
881,cheerio
882,cheese
883,cheese and rice
884,cheesed off
885,cheesiness
886,cheesy
887,chemo
888,cherry
889,cherry-tops
890,Chevy
891,chew
892,chew out
893,chew the fat
894,chica
895,chicadee
896,chick
897,chicken
898,chicken hawk
899,chicken head
900,chicken out
901,chick flick
902,chiclets
903,chill
904,chillax
905,chillaxx
906,chillbilly
907,chill out
908,Chinese fire drill
909,chintzy
910,chinwag
911,chip in
912,chiquita
913,choad
914,choccy milk
915,chockablock
916,chocolate cum
917,chocolate starfish
918,choda
919,chode
920,chode muffin
921,choice
922,choice mom
923,choke the chicken
924,chomp at the bit
925,chones
926,chopper
927,chow
928,chowder head
929,chow down
930,chreaster
931,Chrismahanukwanzakah
932,Christian side hug
933,Christmahanakwanzika
934,Christmahanukwanzakah
935,Christmas creep
936,Christmas on a cracker
937,Christ on a bike
938,chub
939,chubbie
940,chuck
941,chucklehead
942,chuck (one's) cookies
943,chucks
944,chuddy
945,chug on over
946,chum
947,chunky
948,CI
949,cig
950,cigarette butt
951,ciggy
952,CIMM
953,cinch
954,cinchy
955,circle jerk
956,circle the drain
957,-city
958,clam up
959,clap back
960,classic
961,clean (one's) plate
962,clean out
963,clean up good
964,clean up nicely
965,clear (one's) head
966,cleave
967,click-bait
968,clicker
969,"clink, the"
970,clit-lit
971,clock in at
972,clod
973,clone
974,close (one's) barn door
975,clown hole
976,clue
977,clueless
978,clunge
979,clunker
980,clutch player
981,"clutch, the"
982,c'mon
983,c-note
984,coaster
985,cockbag
986,cock block
987,cock-juggling thunder cunt
988,cocksucker
989,cock up
990,code monkey
991,codger
992,codswallop
993,coffin nail
994,coiler
995,coil some rope
996,coin purse
997,cojelo con take it easy
998,cojones
999,coke
1000,coked up
1001,coke whore
1002,cold
1003,colder than a well digger's ass
1004,colder than a witch's tit
1005,cold feet
1006,cold one
1007,colitas
1008,collar
1009,colon blow
1010,color me
1011,colors
1012,come on over
1013,come over
1014,commie
1015,compo
1016,compooter
1017,compy
1018,con
1019,con call
1020,condo
1021,congrats
1022,connect the dots
1023,conniption
1024,constipated overweight old lady
1025,context switch
1026,conversate
1027,convo
1028,cooch
1029,coochie
1030,cooked
1031,cooker
1032,cook on all four burners
1033,cool
1034,cool beans
1035,cool down
1036,coolio
1037,cool (one's) heels
1038,cool (one's) jets
1039,"cool story, bro"
1040,cool with
1041,cooter
1042,cooties
1043,cop
1044,cop killer
1045,copper
1046,cop shop
1047,copy-cat
1048,copy-pasta
1049,core competency
1050,cork it
1051,corporate speak
1052,correctamoondoe
1053,correctamundo
1054,cos
1055,COTS
1056,cottage cheese
1057,cotton mouth
1058,couch potato
1059,couch surf
1060,cougar
1061,cough up
1062,cover
1063,cow orker
1064,cow tip
1065,coyote
1066,coyote ugly
1067,coz
1068,CP
1069,crabbit
1070,"crabs, the"
1071,cracken
1072,crack head
1073,cracking to
1074,"crack of, the"
1075,crack on
1076,cra-cra
1077,crank
1078,crank up
1079,cranky
1080,crap
1081,crap-fest
1082,craplet
1083,crap-load
1084,crapper
1085,crappy
1086,craptacular
1087,craptastic
1088,crapware
1089,crash
1090,crash hot
1091,crater face
1092,cray
1093,crazy-pants
1094,cream-crackered
1095,cream of some young guy
1096,cred
1097,creep
1098,creep on
1099,creepy
1100,crescent fresh
1101,cretin
1102,crib
1103,crib sheet
1104,crim
1105,Crimbo
1106,cris
1107,Crissy
1108,crit
1109,crock
1110,cromulent
1111,cronick
1112,crop dust
1113,crossfade
1114,cross the line
1115,crotchal
1116,crotchal area
1117,crotchal region
1118,crotch fruit
1119,crotchless panties
1120,crowdsourcing
1121,crown jewels
1122,CRS
1123,crucify
1124,cruise
1125,crummy
1126,crunch time
1127,crystal
1128,crystal meth
1129,CSB
1130,"CSI effect, the"
1131,CTFU
1132,cuckoo
1133,cuckoo for Cocoa Puffs
1134,cuckservative
1135,culture vulture
1136,cum
1137,cunt
1138,cunt grabber
1139,cunt head
1140,cunt hole
1141,cunt punt
1142,cuntsicle
1143,cunt-struck
1144,cup of Joe
1145,cuppa
1146,curiosity killed the cat.
1147,cushiony
1148,cut and run
1149,cut a rug
1150,cutie patootie
1151,cut off
1152,cut the cheese
1153,cut to the chase
1154,cutty
1155,'c' word
1156,"'c' word, the"
1157,D
1158,dad bod
1159,daddy
1160,DAE
1161,daft
1162,dafuq
1163,dago
1164,daisy dukes
1165,damaged goods
1166,damn it
1167,damn skippy
1168,damn straight
1169,dance up on
1170,dang
1171,danger noodle
1172,dangler
1173,Da Nile isn't just a river in Egypt.
1174,dank
1175,dap
1176,dash
1177,da shit
1178,da shiznit
1179,dat
1180,date
1181,dat shi cray
1182,dawg
1183,day in and day out
1184,days
1185,d bag
1186,DBI
1187,DC
1188,D/D free
1189,DDG
1190,dead air
1191,dead ass
1192,dead nuts
1193,dead presidents
1194,dead tree
1195,death stick
1196,Debbie Downer
1197,deck
1198,deck out
1199,decompress
1200,dedi
1201,deem
1202,deep doo-doo
1203,deep pockets
1204,deets
1205,deez
1206,deez nutz
1207,deffo
1208,delish
1209,dem
1210,dental swag
1211,desk jockey
1212,desk monkey
1213,deuce out the roof
1214,"deuce, the"
1215,devil
1216,"Devil's lettuce, the"
1217,DFTBA
1218,DFTT
1219,DH
1220,dhont
1221,dial back
1222,dial down
1223,dick
1224,dick cheese
1225,dick smack
1226,dick the dog
1227,dick with
1228,diddly-squat
1229,die
1230,diff
1231,dig
1232,diggings
1233,digits
1234,dilligaf
1235,dim
1236,dime bag
1237,dimwit
1238,ding
1239,ding-a-ling
1240,dingbat
1241,ding-head
1242,dingus
1243,diploma mill
1244,dipshit
1245,dirt
1246,dirt nap
1247,dirt star
1248,"dirt, the"
1249,dirtwad
1250,dirt weed
1251,dirty look
1252,dis
1253,disappear
1254,disastrophe
1255,disco
1256,disco biscuit
1257,disco nap
1258,disco stick
1259,dish
1260,dish out
1261,ditch
1262,diva
1263,"DL, the"
1264,DM
1265,DMIID
1266,DNB
1267,dnt
1268,do a line
1269,do a number on
1270,do a poo
1271,do a solid
1272,do a ton
1273,DOB
1274,doc
1275,do cartwheels
1276,dock
1277,doco
1278,doctor shop
1279,dodgy
1280,do-do
1281,does the carpet match the drapes
1282,dog
1283,dogfood
1284,dogg
1285,doggie
1286,doggie style
1287,doggy
1288,doggy bag
1289,doggy style
1290,"dog's bollocks, the"
1291,dog tag
1292,d'oh
1293,doiche
1294,do it
1295,dolled up
1296,dome
1297,done
1298,donezo
1299,done-zo
1300,dong
1301,donk
1302,donkey-faced
1303,donorcycle
1304,doo
1305,doob
1306,doober
1307,doodad
1308,doo-doo
1309,doofus
1310,dook
1311,dookie love
1312,dookie maker
1313,dooky
1314,do (one's) business
1315,do (one's) head in
1316,doorstop
1317,doosh
1318,doozy
1319,dope
1320,doped up
1321,dope fiend
1322,dope peddler
1323,doper
1324,dope whore
1325,dork
1326,dork breath
1327,dose
1328,dot-com
1329,do the horizontal bop
1330,do the nasty
1331,do the Technicolor yawn
1332,double-bagger
1333,double bomb
1334,doubleplus
1335,double take
1336,double-time it
1337,douche bag
1338,douche bagel
1339,douche canoe
1340,douche dick
1341,doucher
1342,douchey
1343,doughboy
1344,do what it says on the tin
1345,down
1346,down-blouse
1347,down the hatch
1348,down the road
1349,down town
1350,dox
1351,doze off
1352,DP
1353,drag (one's) ass
1354,drag (one's) wagon
1355,drag queen
1356,drain bramage
1357,drain (one's) lizard
1358,drain (one's) main vein
1359,drain the main vain
1360,drain the main vein
1361,drank
1362,drapes
1363,drats
1364,draw a line in the sand
1365,dreamboat
1366,drier than a popcorn fart
1367,drink like a fish
1368,"drink, the"
1369,drive (one) potty
1370,driveway story
1371,dro
1372,drone
1373,drongo
1374,drop a deuce
1375,drop a duce
1376,drop an f-bomb
1377,drop in the bucket
1378,drop kids off at the pool
1379,drop (one's) guts
1380,droppings
1381,drop science
1382,drop the ball
1383,drop the deuce
1384,drop the f-bomb
1385,drop the kids off at the pool
1386,druggie buggie
1387,drummy
1388,drunk tank
1389,dry fuck
1390,dry heave
1391,dry sex
1392,DSL
1393,DTF
1394,D train
1395,DTRT
1396,dube
1397,dubs
1398,ducats
1399,duckbutter
1400,duckface
1401,ducking
1402,dude
1403,dudette
1404,duds
1405,due dil
1406,due dill
1407,dugg
1408,duh
1409,Dullsville
1410,dumb as a box of rocks
1411,dumb as a brick
1412,dumb as dog shit
1413,dumb brick
1414,dumbfuck
1415,dumb-fuck
1416,dump
1417,dumpster fire
1418,dunlop
1419,dunno
1420,dunzo
1421,dupe
1422,dur
1423,dust
1424,dustup
1425,Dutchie
1426,Dutch Oven
1427,dweeb
1428,e-
1429,earboob
1430,early bird
1431,earn (one's) red wings
1432,earworm
1433,East Bumblefuck
1434,East Butt-fuck
1435,Easter egg
1436,easy as pie
1437,easy on the eyes
1438,easy-peasy
1439,"easy peasy, lemon squeezy"
1440,eat humble pie
1441,eat me
1442,eat (one's) gun
1443,eat paint chips as a kid
1444,eats
1445,ecohacking
1446,eejit
1447,ef
1448,eff
1449,eff off
1450,egg
1451,ego surf
1452,Egypt
1453,Eiffel Tower
1454,eight ball
1455,eight figure
1456,Einstein
1457,elite
1458,'em
1459,emo
1460,empty-nester
1461,end of
1462,ent
1463,EOB
1464,EOD
1465,EOF
1466,EOM
1467,epi
1468,equal opportunity offender
1469,equipment
1470,errand boy
1471,errbody
1472,errday
1473,erryday
1474,ersatz
1475,escort
1476,ese
1477,e-tard
1478,e-ticket ride
1479,everything
1480,evo-devo
1481,ew
1482,eww
1483,ex
1484,expiry
1485,eye
1486,eyeball
1487,eyeballs
1488,eye broccoli
1489,eye candy
1490,eye-fuck
1491,eye-opener
1492,F2F
1493,F2P
1494,f4f
1495,Facebook official
1496,faceplant
1497,face time
1498,facialize
1499,faded
1500,faff
1501,faggot
1502,fag hag
1503,fail
1504,Fairy
1505,fall for
1506,fall head over heels
1507,fall in like
1508,false
1509,fam
1510,family jewels
1511,famously
1512,"fam, the"
1513,fanboi
1514,fanboy
1515,fancy
1516,fancy-pants
1517,fancy schmancy
1518,fan-fucking-tastic
1519,fantabulous
1520,fap
1521,FAQ
1522,farging icehole
1523,farklempt
1524,far out
1525,fart
1526,fart face
1527,fart-knocker
1528,fashy
1529,faster than shit through a goose
1530,fast food
1531,fast-track
1532,fat
1533,fat-ass
1534,fat dick
1535,fatso
1536,fatty
1537,faux hawk
1538,fav
1539,fave
1540,f-bomb
1541,feast (one's) eyes
1542,feature creep
1543,fecker
1544,fed
1545,fed up to (one's) eyebrows
1546,feeder
1547,feed the meter
1548,feel goodery
1549,feel-good hit of the summer
1550,feel like a million bucks
1551,feel like a million dollars
1552,feel (one's) pants tighten
1553,feels
1554,felch
1555,fella
1556,fence
1557,fender meat
1558,fess
1559,fess up
1560,-fest
1561,Festivus
1562,FFS
1563,fiddlesticks
1564,fidiot
1565,fierce
1566,fight fires
1567,FIGMO
1568,figs
1569,FILF
1570,filly
1571,film at 11
1572,filthy rich
1573,filthy stinking rich
1574,fine
1575,"fine print, the"
1576,finger
1577,finger bang
1578,finger licking good
1579,finish
1580,finna
1581,fire
1582,fire belly
1583,firecracker
1584,fire crotch
1585,fired up
1586,fired up and ready to go
1587,fire it up
1588,firement
1589,fire on all cylinders
1590,fish dicks
1591,fisho
1592,fist
1593,fist bump
1594,fist fuck
1595,fist of fives
1596,fit
1597,fit-shaced
1598,five by five
1599,five-dollar word
1600,fivehead
1601,five knuckle shuffle
1602,five o'clock shadow
1603,five-oh
1604,fiver
1605,fixie
1606,flabbergasted
1607,flack
1608,flake out
1609,flakey
1610,flaky
1611,flame
1612,flamer
1613,flame war
1614,flapdoodle
1615,flash mob
1616,flatfoot
1617,flatmate
1618,flat out like a lizard drinking
1619,flavor of the month
1620,flavor-saver
1621,fleshy fun bridge
1622,flick
1623,flip a bitch
1624,flip a dick
1625,flip a shitty
1626,flip a u-ey
1627,flip (one's) lid
1628,flip out
1629,flip the bird
1630,FLK
1631,float an air biscuit
1632,floordrobe
1633,floor it
1634,floozie
1635,floozy
1636,FLOTUS
1637,flow
1638,flower
1639,flub
1640,fluffer
1641,flutterby
1642,fly
1643,flyer
1644,fly off the handle
1645,flyover country
1646,FML
1647,FOAD
1648,FOAF
1649,fokoloyor
1650,FOMO
1651,foo
1652,food baby
1653,food coma
1654,fooey
1655,fook
1656,fool around
1657,fool around on
1658,foot gun
1659,for days
1660,forget it
1661,for God sake
1662,forizzle
1663,fork
1664,for real
1665,for reals
1666,for shizzle
1667,forty
1668,FOS
1669,fo shizzle
1670,fo shizzle my nizzle
1671,fo' sho'
1672,four-eyes
1673,foxy
1674,FR
1675,frat
1676,frat-tastic
1677,freak
1678,freaked out
1679,freaking
1680,freakishly
1681,freak'n
1682,freak out
1683,freaky
1684,freaky-deaky
1685,freckle
1686,free-ball
1687,freebie
1688,freeware
1689,french
1690,French kiss
1691,frenemy
1692,fresh
1693,fresh hell
1694,fried
1695,friend
1696,friends with benefits
1697,frig
1698,frigging
1699,fritzy
1700,frogurt
1701,from hell
1702,from the top
1703,fromunda
1704,front
1705,front bottom
1706,frosh
1707,frost (one's) muffin
1708,frou-frou
1709,froyo
1710,frugalista
1711,fruit
1712,fruitcake
1713,fry
1714,FTFY
1715,FTL
1716,FTR
1717,FTW
1718,FU
1719,-fu
1720,FUBAB
1721,FUBAR
1722,fuck
1723,fuck a duck
1724,fuckall
1725,fuck all
1726,fuck around on
1727,fuckbunny
1728,fucked
1729,fucked up
1730,fucker
1731,fuck face
1732,fucking
1733,Fucking hell
1734,fuck me
1735,fuck me Freddy
1736,fuck nigga
1737,fuck nut
1738,fucko
1739,fuck (one's) brains out
1740,fuck over
1741,fuck that noise
1742,"fuck, the"
1743,fucktoy
1744,fuckwit
1745,fudge
1746,fudge packer
1747,fu-fu
1748,fugly
1749,full as an egg
1750,full of crap
1751,full of it
1752,full of shit
1753,full on
1754,fumunda cheese
1755,fun bags
1756,funds
1757,fungry
1758,funky
1759,funky monkey
1760,funny feeling
1761,funny haha
1762,funny papers
1763,funsies
1764,fun sponge
1765,FUPA
1766,fuq
1767,fur burger
1768,futanaria
1769,futhermucker
1770,futz around
1771,futzed
1772,futzed up
1773,fuzzily
1774,FWB
1775,FWIW
1776,"'f' word, the"
1777,FWP
1778,FYI
1779,g
1780,gacked
1781,gaffle
1782,gag
1783,gag for
1784,gah
1785,gains
1786,gal
1787,game
1788,game plan
1789,"game, the"
1790,game-time decision
1791,G and T
1792,gang banger
1793,gangcar
1794,gange
1795,ganja
1796,ganje
1797,gansta
1798,gat
1799,gatt
1800,gattered
1801,gawd
1802,gawk
1803,gayborhood
1804,gazenta
1805,gazinta
1806,gazunga
1807,gc
1808,geegaw
1809,geek
1810,geek out
1811,geez
1812,gender mender
1813,generate more heat than light
1814,get
1815,get a buzz on
1816,get a five finger discount
1817,get a fix
1818,get a kick out of
1819,get a load of
1820,get any
1821,get a rise out of
1822,get back on the horse
1823,get banked on
1824,get blazed
1825,get cold feet
1826,get crack-a-lacking
1827,get crunk with
1828,get geeked
1829,get hitched
1830,get in here
1831,get it
1832,get it through (one's) head
1833,get it together
1834,get it twisted
1835,get it up
1836,get laid
1837,get lucky
1838,get medieval
1839,get off the field
1840,get off the ground
1841,get (one's) act together
1842,get (one's) ass handed to
1843,get (one's) dander up
1844,get (one's) groove on
1845,get (one's) grub on
1846,get (one's) hands on
1847,get (one's) head in the game
1848,get (one's) head out of (one's) ass
1849,get (one's) knickers in a twist
1850,get (one's) swerve on
1851,get (one's) wires crossed
1852,get on (one's) nerves
1853,get out of (one's) face
1854,get owned
1855,get schooled
1856,get slizzard
1857,get some
1858,get some z's
1859,get spun
1860,get stuck in
1861,get stuck into
1862,get stuffed
1863,get the 411
1864,get the ax
1865,get to 2nd base
1866,get to 3rd base
1867,getup
1868,get up out of
1869,get up with
1870,GF
1871,GFE
1872,GFY
1873,GFYS
1874,GG
1875,GHB
1876,ghetto
1877,ghetto booty
1878,ghetto booty brush
1879,ghetto cruiser
1880,ghost
1881,ghost load
1882,gig
1883,giggity
1884,giggle juice
1885,giggle stick
1886,giggle water
1887,GILF
1888,gimme
1889,gimmie
1890,gimp
1891,ginchy
1892,ginger
1893,ginormous
1894,girl
1895,girl crush
1896,girlfriend
1897,girlfriended up
1898,girlfriend experience
1899,girlie mag
1900,girls
1901,"girls, the"
1902,girly-girl
1903,git
1904,give a bag of dicks
1905,give a bum steer
1906,give a crap's ass
1907,give af
1908,give it up
1909,give no fucks
1910,give (one) a shout
1911,give (one's) kingdom in hell
1912,give (one's) right arm for
1913,give the axe
1914,give the boot
1915,give the middle finger
1916,give the old college try
1917,give the skeeves
1918,give the wiggins
1919,give up the ghost
1920,glam
1921,glamping
1922,GLHF
1923,glitterati
1924,global weirding
1925,glookin'
1926,glorified
1927,glory hole
1928,glute
1929,gnarly
1930,GNL
1931,GNO
1932,go-ahead
1933,go all out
1934,"goat, the"
1935,go ballistic
1936,go bananas
1937,go batshit
1938,gobbledygook
1939,gobble (one's) knob
1940,gobbling rods
1941,gobby
1942,go belly up
1943,go bonkers
1944,gobsmacked
1945,go commando
1946,go cow tipping
1947,go crazy
1948,God
1949,goddamn
1950,god damn
1951,goddamned
1952,go DEFCON
1953,go down on
1954,go downtown
1955,god's gift to
1956,Godwin's Law
1957,go fly a kite
1958,go for
1959,go for the jugular
1960,go fuck (one's self)
1961,go fuck on (one's self)
1962,going forward
1963,go jerk yourself
1964,go kaput
1965,gold
1966,golden
1967,go mental
1968,gonad
1969,goner
1970,gonna
1971,gonner
1972,go number 2
1973,go number one
1974,go number two
1975,gooberhead
1976,goocher
1977,good
1978,good and
1979,good call
1980,good cop
1981,good egg
1982,"good from afar, far from good"
1983,good from afar; far from good
1984,good looking out
1985,good ol' boy
1986,good old boy
1987,good one
1988,good on you
1989,good people
1990,good to go
1991,go off-book
1992,goof off
1993,Google juice
1994,Google stalk
1995,goose egg
1996,go over the edge
1997,GOP
1998,go pear-shaped
1999,go pill
2000,go postal
2001,gor blimey
2002,gorge
2003,gorgy
2004,gorp
2005,go stag
2006,got
2007,go the distance
2008,go the extra mile
2009,go there
2010,go threesies
2011,go through the mill
2012,go through the motions
2013,go time
2014,go to bat for (one)
2015,go to ground
2016,go to hell
2017,go to town
2018,gots
2019,gotsta
2020,gotta
2021,GOTY
2022,gouch
2023,go under the knife
2024,go up in smoke
2025,gourd
2026,"government teat, the"
2027,governor
2028,go vertical
2029,gr8
2030,graf
2031,graff
2032,gran
2033,grand
2034,granpa
2035,g rap
2036,grape smuggler
2037,graph
2038,grasp at straws
2039,grasshopper
2040,gratz
2041,gravy
2042,gravy train
2043,graze
2044,greek sex
2045,"green apple splatters, the"
2046,greets
2047,Greyhound therapy
2048,gridlock
2049,grief
2050,griefer
2051,grill
2052,grind (one's) gears
2053,grin like a jackass eating cactus
2054,grip
2055,grit bar
2056,grl
2057,grody
2058,groove
2059,grope
2060,gross out
2061,groutfiti
2062,grub
2063,grub out
2064,grundle
2065,GTG
2066,GTS
2067,guerilla testing
2068,guise
2069,guize
2070,gumby
2071,gump
2072,gum up
2073,gun it
2074,gunk
2075,gunna
2076,gunt
2077,gut feeling
2078,gut reaction
2079,gutter punk
2080,gutter whore
2081,guy
2082,guyliner
2083,gwop
2084,h8
2085,h8t
2086,hack
2087,hacked up
2088,hackish
2089,hack off
2090,hacktivism
2091,HAGS
2092,hail damage
2093,hair band
2094,hairbrush treatment
2095,hair burger
2096,hair of the dog
2097,hairy axe wound
2098,half-pint
2099,half rack
2100,halp
2101,ham flap
2102,hammer
2103,ham wallet
2104,handjob
2105,hand job
2106,handle
2107,handsy
2108,handy
2109,handy J
2110,hang
2111,hang around
2112,hang a yoo-ee
2113,hanger
2114,hang out
2115,happy as a clam
2116,happy as a pig in shit
2117,happy pill
2118,happy trail
2119,hard alcohol
2120,hard-ass
2121,hardcore
2122,hard-knock life
2123,hard-on
2124,hard on the eyes
2125,hard stuff
2126,hardware
2127,hardy har har
2128,harsh (one's) marshmallow
2129,harsh (one's) mellow
2130,has-been
2131,hasbian
2132,hatch
2133,hatchet job
2134,"hatch, the"
2135,hater
2136,hat hair
2137,have a big mouth
2138,have a black belt in
2139,have a bun in the oven
2140,have a chip on (one's) shoulder
2141,have a crush on
2142,have a date with Rosey Palmer
2143,have a dog in this fight
2144,have a good one.
2145,have a lot riding on
2146,have a mouth on
2147,have an axe to grind
2148,have a screw loose
2149,have a short fuse
2150,have a strong stomach
2151,have a sweet tooth
2152,have a wank
2153,have deep pockets
2154,have (one's) back
2155,have (one's) eyes on
2156,have the wallet
2157,hax0r
2158,haxor
2159,haz
2160,HBU
2161,head
2162,head case
2163,header
2164,head game
2165,head honcho
2166,headlights
2167,head out
2168,head over heels
2169,heads up
2170,heaps
2171,heart
2172,hecka
2173,heinous
2174,hella
2175,hell fucking yeah
2176,hell of
2177,hell of a
2178,"Hello, nurse"
2179,hells
2180,hell's bells
2181,hells no
2182,hells to the no
2183,hells to the yes
2184,hells yes
2185,"hell, the"
2186,hell to the no
2187,hell to the yes
2188,hell yeah
2189,hell yes
2190,hench
2191,hen-dog
2192,Henny
2193,her
2194,herbal refreshment
2195,Hershey squirt
2196,"Hershey squirts, the"
2197,het
2198,hetero
2199,heteroflexible
2200,HFS
2201,hick
2202,hickhop
2203,high
2204,high-beams
2205,high gravity
2206,high-maintenance
2207,high-tone
2208,hillbilly
2209,hillbilly heroin
2210,hip
2211,hippie flip
2212,hippie lettuce
2213,hit back
2214,hitch
2215,hit it
2216,hit on
2217,hit some bumps in the road
2218,hitter
2219,hit the books
2220,hit the bottle
2221,hit the road
2222,hit the sack
2223,hit with an ugly stick
2224,HMFWIC
2225,HMU
2226,ho
2227,hob-knob
2228,hobnob
2229,hock a loogie
2230,hockey mom
2231,hoebag
2232,hogbeast
2233,hog-wild
2234,hokum
2235,hold
2236,holding pattern
2237,holding up
2238,hold on
2239,hold (one's) horses
2240,hold (one's) liquor
2241,hold the phone
2242,hold up
2243,hole
2244,hole in the wall
2245,"holidays, the"
2246,holla
2247,holler
2248,holy Mary mother of god
2249,holy mother of god
2250,holy smokes
2251,home boy
2252,Homer
2253,home run
2254,homes
2255,home slice
2256,homey
2257,homie
2258,homo
2259,homo thug
2260,honcho
2261,honey trap
2262,hooch
2263,hoochie
2264,hoochie coochie
2265,hood
2266,hooey
2267,hoo-hoo
2268,hooker
2269,"hook, line, and sinker"
2270,hoopdee
2271,hoopla
2272,hooptie
2273,hoopty
2274,hoosegow
2275,hoot
2276,hootchie cootchie
2277,hootenanny
2278,hopping
2279,horizontal bop
2280,horked
2281,horndog
2282,"horn, the"
2283,horny
2284,horribad
2285,horse
2286,horse shit
2287,hose
2288,hosed
2289,hoser
2290,hoss
2291,hot bean water
2292,hot diggety
2293,hotdog
2294,hot shit
2295,"hots, the"
2296,hot stuff
2297,hotter than the hinges of hell
2298,hottie
2299,hotty
2300,hot-wire
2301,How about them apples?
2302,how do?
2303,how goes it?
2304,how (one) living
2305,how's it hanging?
2306,how ya goin
2307,howzit
2308,hugemongous
2309,humble pie
2310,huminah
2311,huminah wha?
2312,hummer
2313,hundee
2314,hundo
2315,hundred o'clock
2316,hundreds
2317,hung
2318,hunnit
2319,hunny
2320,hurl
2321,hurler
2322,hurr durr
2323,hussy
2324,huzzie
2325,hw
2326,hydro
2327,hype
2328,hypermile
2329,hypermiler
2330,IANACL
2331,IANAL
2332,IANAMD
2333,IANAQP
2334,IANYL
2335,IBF
2336,IBFF
2337,IBT
2338,IBTC
2339,ic
2340,ice
2341,ice out
2342,icing on the cake
2343,icky
2344,ICYMI
2345,ID10T
2346,ID-10-T
2347,IDBY
2348,IDEK
2349,IDGAS
2350,idiot box
2351,idjet
2352,IDK
2353,IDKK
2354,I for one welcome our new 'X' overlords
2355,IGF
2356,IIR
2357,IIRC
2358,ijit
2359,IKR
2360,ill na-na
2361,I'll swunny
2362,ILU
2363,ILU2
2364,ILY
2365,ILYLAS
2366,IM
2367,I'ma
2368,imaginary Internet point
2369,IMAO
2370,IME
2371,I'mma
2372,IMO
2373,imona
2374,I'm straight
2375,IMYSM
2376,-in
2377,INAE
2378,in a family way
2379,in a heartbeat
2380,in a huff
2381,in a snit
2382,incel
2383,in deep shit
2384,ineptocracy
2385,info
2386,inhale
2387,inhale (one's) farts
2388,in hell
2389,in her flowers
2390,in like Flynn
2391,in like Huck Finn
2392,in love with
2393,innit
2394,in (one's) face
2395,in over (one's) head
2396,inside the box
2397,intel
2398,interweb
2399,in the black
2400,in the clear
2401,in the closet
2402,in the dumps
2403,in the fuck
2404,in the heck
2405,in the hell
2406,in the red
2407,in the sack
2408,into
2409,ion
2410,IOW
2411,irie
2412,"Irish goodbye, the"
2413,IRL
2414,ish
2415,"ish, the"
2416,it
2417,Itanic
2418,item
2419,ITIGBS
2420,it is what it is
2421,ITRW
2422,ITT
2423,itty bitty
2424,Itty Bitty Titty Committee
2425,iunno
2426,IWTFIL
2427,IYO
2428,j00r
2429,jabber
2430,jabroni
2431,jabronie
2432,jackass
2433,jacked
2434,jacked up
2435,jack off
2436,jack squat
2437,jack up
2438,jack wagon
2439,jag-wagon
2440,jaja
2441,jalopy
2442,Jamie
2443,jammed
2444,jam out
2445,Jane Doe
2446,JANFU
2447,janky
2448,jarhead
2449,jay
2450,jazzed up
2451,JB
2452,jeebus
2453,jeez
2454,jeeze
2455,Jeezum
2456,jel
2457,jels
2458,jenkem
2459,jerk
2460,jerk-face
2461,jerkwad
2462,Jerusalem cruisers
2463,Jesus Christ
2464,Jesus freak
2465,Jesus H. Roosevelt Christ
2466,"Jesus, Mary, and Joseph"
2467,Jesus motherfucking Christ
2468,Jesus titty-fucking Christ
2469,jet
2470,JFC
2471,jibber jabber
2472,jiffy
2473,jigger
2474,jiggy
2475,jill
2476,jill off
2477,jimmies
2478,Jimmy Riddle
2479,jism
2480,jizm
2481,jizz
2482,jizzum
2483,j-kidsky
2484,jock
2485,Joe Schmoe
2486,Joe Six-pack
2487,John
2488,johnson
2489,John Thomas
2490,JOI
2491,jolly good
2492,JOOC
2493,jorts
2494,josh
2495,journo
2496,joy
2497,jug
2498,juggy
2499,jughead
2500,"jug, the"
2501,juiced
2502,juicy
2503,juju
2504,jumping Jesus on a pogo stick
2505,jump (one's) bones
2506,jump ship
2507,jump the shark
2508,junk
2509,junkie
2510,junky
2511,just friend
2512,k3w1
2513,kafuffle
2514,kahuna
2515,kajillion
2516,kandi
2517,kark it
2518,keep an ear to the ground
2519,keep an eye on
2520,keep it real
2521,keep (one's) eye on
2522,keep (one's) nose to the grindstone
2523,keep (one's) pecker up
2524,kemo sabe
2525,kertang
2526,kevork
2527,kewl
2528,key bump
2529,k-hole
2530,kick
2531,kickass
2532,kick ass
2533,kick back
2534,kick down with
2535,kicker
2536,kicking
2537,kick it
2538,kick off
2539,kick (one's) ass
2540,kicks
2541,kick the bucket
2542,kiddie
2543,kiddie fiddler
2544,kiddie stroll
2545,kill
2546,kill a kitten
2547,killer
2548,killer app
2549,kinda
2550,kind bud
2551,kink
2552,kipe
2553,KISS
2554,kiss of death
2555,kissy face
2556,kitteh
2557,kitty
2558,Kiwi
2559,kk
2560,klink
2561,kludge
2562,KMT
2563,knackered
2564,knackers
2565,knee-trembler
2566,knickers
2567,knob
2568,knob gobbler
2569,knobhead
2570,knock back
2571,knocked up
2572,knock (one's self) out
2573,knock (one's) socks off
2574,knock out
2575,knock over
2576,knot
2577,know-it-all
2578,know shit from Shinola
2579,knuckle dragger
2580,knucklehead
2581,knuckle sandwich
2582,Kombi
2583,kooky
2584,kosher
2585,k-rad
2586,kthx
2587,kthxbai
2588,kthxbye
2589,l33t hax0r
2590,la di da
2591,ladies and germs
2592,ladies man
2593,ladies' man
2594,lady garden
2595,lagered up
2596,Lambo
2597,lame-ass
2598,lame-o
2599,lame sauce
2600,land barge
2601,landing strip
2602,land yacht
2603,lapper
2604,large
2605,larry
2606,last go trade
2607,last-year
2608,LatAm
2609,late
2610,later
2611,later days
2612,later gator
2613,laters
2614,"lather, rinse, repeat"
2615,laugh
2616,laughing gas
2617,laugh off
2618,laugh (one's) ass off
2619,launch an ass rocket
2620,launder
2621,lay cable
2622,lay some cable
2623,LDR
2624,lead
2625,lead poisoning
2626,leave in the lurch
2627,lech
2628,left-handed cigarette
2629,leg it
2630,LEL
2631,lemme
2632,lemon
2633,let one
2634,let one go
2635,let one rip
2636,lettuce
2637,level up
2638,lewd
2639,LF
2640,LG
2641,libtard
2642,licking
2643,lick it
2644,lid
2645,lifer
2646,lift a finger
2647,lighten up
2648,lightning bug
2649,like a bat out of hell
2650,like a boss
2651,like a champ
2652,like a heart-attack
2653,like a motherfucker
2654,like ass
2655,like ass pie
2656,like crap through a goose
2657,like death warmed over
2658,like it's going out of style
2659,like like
2660,lily licker
2661,limo
2662,limou
2663,limpdick
2664,line
2665,line of work
2666,link farm
2667,linner
2668,lion's share
2669,lippy
2670,lipstick lesbian
2671,little fella
2672,little girl's room
2673,live large
2674,live wire
2675,LMAO
2676,LMBO
2677,LMK
2678,LML
2679,LMMFAO
2680,LMRO
2681,load
2682,loaded
2683,loads
2684,loal
2685,locavore
2686,locks
2687,LOL
2688,lolz
2689,lolzy
2690,LOML
2691,long con
2692,long green
2693,"long view, the"
2694,loo
2695,loogie
2696,loogy
2697,lookie
2698,look like a monkey fucking a football
2699,loon
2700,looney
2701,loonie
2702,loony
2703,loopy
2704,loot
2705,lordy
2706,lose (one's) cool
2707,lose (one's) edge
2708,lose (one's) head
2709,lose (one's) marbles
2710,lose (one's) shirt
2711,lose (one's) shit
2712,lost fries
2713,lot lizard
2714,loud
2715,lovebird
2716,love cave
2717,love stick
2718,love taco
2719,"low-down, the"
2720,low-hanging fruit
2721,low-key
2722,LSD
2723,LTR
2724,lugie
2725,lulz
2726,lunatic soup
2727,lupper
2728,lurve
2729,lush
2730,ly
2731,lyfe
2732,LYLAB
2733,LYLAS
2734,m4f
2735,m4m
2736,m8
2737,ma'am
2738,mac
2739,mac and cheese
2740,MacGyver
2741,MacGyver smoker
2742,mack
2743,mack on
2744,mad
2745,madame
2746,mad as a hatter
2747,madcap
2748,"MAFIAA, the"
2749,main squeeze
2750,main vein
2751,make
2752,make airtight
2753,make an ass of (one's self)
2754,make a pass at
2755,make a poopie
2756,make heads roll
2757,make it
2758,make it rain
2759,make it snappy.
2760,make love
2761,make (one's) bitch
2762,make (one's) dick hard
2763,make out
2764,make tracks
2765,make woopie
2766,malarkey
2767,malarky
2768,malware
2769,mama
2770,man
2771,man chowder
2772,mandal
2773,mang
2774,manhood
2775,man in the boat
2776,"man in the boat, the"
2777,man-slut
2778,"Man, The"
2779,manties
2780,manwhore
2781,marg
2782,marinate
2783,Mary
2784,Mary Jane
2785,mastah
2786,master of ceremonies
2787,mate
2788,mate's rates
2789,mathemagician
2790,max
2791,mayo
2792,May the 4th be with you
2793,McDreamy
2794,mean
2795,means
2796,meat and two veg
2797,meat curtains
2798,meat flap
2799,meatspace
2800,med
2801,megabucks
2802,melon
2803,meme
2804,me-ow
2805,meow meow
2806,mess around
2807,mess up
2808,mess with
2809,meter maid
2810,meth
2811,Methuselated
2812,Mexican dirt weed
2813,MIA
2814,Michigan left
2815,Micky Dee's
2816,"middle of nowhere, the"
2817,MIL
2818,MILF
2819,millihelen
2820,milsurp
2821,mimbo
2822,mine
2823,mint
2824,minute
2825,mipple
2826,misc
2827,Miss
2828,Missouri Compromise
2829,miss the bus
2830,"missus, the"
2831,misty-eyed
2832,MJ
2833,mmm
2834,MMORPG
2835,mo
2836,mob
2837,Mobilegeddon
2838,mofo
2839,mofugly
2840,moggy
2841,mole
2842,moll
2843,moms
2844,mondo
2845,mondo bizarro
2846,monet
2847,money
2848,money shot
2849,"money shot, the"
2850,monkey fuck
2851,monster
2852,Montezuma's revenge
2853,moob
2854,moofer
2855,moo juice
2856,moola
2857,moolah
2858,moonlight
2859,moose nuckle
2860,moped
2861,MOPS
2862,moran
2863,more cuckoo than a clock
2864,more cuckoo than a clock factory
2865,mormon sports car
2866,mosey
2867,mosh
2868,mosh pit
2869,mosquito bites
2870,mossie
2871,mota
2872,mothafucka
2873,mother fucker
2874,motherfucking
2875,mother of god
2876,motor
2877,motor-mouth
2878,Motown
2879,MOTS
2880,MOTSS
2881,mouse on a motorcycle
2882,mouthy
2883,move
2884,mow the lawn
2885,mozzie
2886,Mr.
2887,msg
2888,MTB
2889,MTF
2890,muah
2891,mug
2892,mula
2893,mule
2894,mullet
2895,mum
2896,mumbo jumbo
2897,munch carpet
2898,munchies
2899,mundane
2900,muppet
2901,mushies
2902,mushrooms
2903,MWF
2904,MWM
2905,my ass
2906,my bad
2907,my boy
2908,my man
2909,MySpace
2910,n
2911,na
2912,naa-naa
2913,nad
2914,nads
2915,nah
2916,NAK
2917,nakey
2918,nakie
2919,nan
2920,nana
2921,na-na
2922,nao
2923,nappy
2924,narc
2925,nard
2926,nards
2927,narf
2928,nasty
2929,nastygram
2930,natty light
2931,naughty pillow
2932,nav
2933,NBD
2934,NCMO
2935,ne1
2936,neato
2937,nectar
2938,need the D
2939,neg
2940,negative
2941,negatory
2942,nellie
2943,nelly
2944,neocon
2945,nerf
2946,'net
2947,netizen
2948,New York minute
2949,next-level
2950,NFI
2951,n/g
2952,NGD
2953,NGL
2954,nic
2955,nice
2956,nice one
2957,nick
2958,nifty
2959,nigga
2960,night cap
2961,nightie
2962,nightie night
2963,nightmare
2964,night owl
2965,NIH syndrome
2966,nimrod
2967,nine to five
2968,ninja foot
2969,nippy
2970,nitwit
2971,n/m
2972,NMS
2973,NMU
2974,no
2975,nob
2976,no big
2977,no big deal
2978,no biggie
2979,NoCal
2980,no clue
2981,nod out
2982,no duh
2983,no-go pill
2984,noice
2985,noise
2986,no joke
2987,no joy
2988,nonsumer
2989,noob face
2990,nood
2991,noodle on
2992,nookie
2993,nope
2994,NorCal
2995,north of
2996,nose candy
2997,nose job
2998,nose to the grindstone
2999,no shit
3000,No shit sherlock
3001,"no shit, Sherlock"
3002,not a single fuck was given
3003,notch down
3004,not for sure
3005,nothingburger
3006,not mind safe
3007,not (one's) table
3008,not on (one's) life.
3009,not ready for prime time
3010,no way
3011,NSFL
3012,NSFW
3013,NSS
3014,"nub, the"
3015,nucking futs
3016,nudie pic
3017,nuker
3018,numb as a hake
3019,number
3020,number cruncher
3021,numbskull
3022,numpty
3023,nunya
3024,nurple
3025,nut
3026,nut job
3027,nuts
3028,nuts about
3029,nut sack
3030,nutso
3031,nutty
3032,NVM
3033,"'n' word, the"
3034,NWS
3035,NYE
3036,NYPA
3037,nyuk
3038,o
3039,Obama
3040,Obamacare
3041,obvi
3042,O chem
3043,odd duck
3044,odds and ends
3045,OE
3046,'o' face
3047,off da hook
3048,off like a prom dress
3049,off like a prom dress in May
3050,offline
3051,off (one's) ass
3052,off (one's) box
3053,off (one's) nut
3054,off (one's) rocker
3055,off (one's) tits
3056,off the grid
3057,off the heezy fosheezy
3058,off the hook
3059,OG
3060,oh be joyful
3061,oh dark thirty
3062,OJ
3063,okay
3064,okee-doke
3065,okie dokie
3066,old bag
3067,old chestnut
3068,old fart
3069,"old in-out, the"
3070,old lady
3071,old timer
3072,old-timer's disease
3073,ol' one-eye
3074,Oly
3075,OMFG
3076,OMGWTF
3077,omgwtfbbq
3078,OMLG
3079,OMW
3080,onboard
3081,on d3ck
3082,on deck
3083,one
3084,on edge
3085,one-eyed snake
3086,one-eyed trouser snake
3087,one-eyed wonder worm
3088,one for the books
3089,one fry short of a Happy Meal
3090,one hell of a
3091,one love
3092,(one's) ass
3093,(one's) ass off
3094,(one's) bitch
3095,(one's) cup of tea
3096,(one's) dance card is full
3097,(one's) face
3098,(one's) first rodeo
3099,(one's) hands are tied
3100,(one's) heart is crying
3101,(one's) jam
3102,(one's) number's up
3103,(one's) nuts off
3104,(one's) thing
3105,one time
3106,on fire
3107,on fleek
3108,on hit
3109,on momas
3110,on mommas
3111,on (one's) ass
3112,on (one's) game
3113,ONS
3114,on the back burner
3115,on the ball
3116,on the blob
3117,on the bottle
3118,on the daily
3119,on the DL
3120,on the double
3121,on the fritz
3122,on the grog
3123,on the map
3124,on the rag
3125,on the reals
3126,on the reg
3127,on the regular
3128,on the table
3129,on the tip of (one's) tongue
3130,on-trend
3131,OOMF
3132,OOTB
3133,open up
3134,oral
3135,or what
3136,OTT
3137,OTW
3138,outa
3139,out cold
3140,outfit
3141,outie
3142,outie 5000
3143,out like a light
3144,out of hand
3145,out of (one's) mind
3146,out of the box
3147,out-of-touch
3148,out of whack
3149,out on (one's) ass
3150,out on the town
3151,outside the box
3152,outta here
3153,out the ass
3154,out there
3155,out the roof
3156,out to lunch
3157,over (one's) dead body
3158,over the hill
3159,over the shoulder boulder holder
3160,over the top
3161,owie
3162,own
3163,ownage
3164,own goal
3165,own up
3166,Oxy
3167,Oxycotton
3168,oxygen thief
3169,Oxys
3170,Pabstsmir
3171,package
3172,packed
3173,pack rat
3174,page in
3175,page out
3176,Paki
3177,pal
3178,pants
3179,pardner
3180,parental unit
3181,partner
3182,party down
3183,pass around pussy
3184,passed out
3185,pass gas
3186,passion mark
3187,pat (one's self) on the back
3188,pat on the back
3189,patootie
3190,patsy
3191,pay forward
3192,pay through the nose
3193,peace
3194,peace out
3195,peach
3196,peachy
3197,pearl necklace
3198,PEBCAK
3199,PEBKAC
3200,pecker
3201,peckish
3202,pedo
3203,pee
3204,pee-ew
3205,peen
3206,peep
3207,pee pee
3208,peepers
3209,peeps
3210,peeter
3211,pee-yew
3212,pee-yoo
3213,pen15
3214,pencildick
3215,pencil in
3216,penny pincher
3217,pen tester
3218,pep talk
3219,perf
3220,perfect ten
3221,performant
3222,perma-fried
3223,permagrin
3224,perp
3225,person of interest
3226,Peruvian dancing dust
3227,Peruvian marching powder
3228,perv
3229,perve
3230,peter out
3231,pfft
3232,PFO
3233,phase of the moon
3234,phat
3235,PHB
3236,Ph.D
3237,phew
3238,photobomb
3239,photog
3240,photo op
3241,Physics for Poets
3242,pibble
3243,pic
3244,pich a loaf
3245,pickle
3246,pick-me-up
3247,pick (one's) brain
3248,pictures of dead presidents
3249,piece
3250,piece of ass
3251,piece of cake
3252,piece of shit
3253,pie hole
3254,piflicated
3255,pig
3256,pigeon
3257,piggy
3258,pig-headed
3259,pig out
3260,PIK
3261,pill popper
3262,"pill, the"
3263,pimp
3264,pimperistic
3265,pimp mobile
3266,pinch
3267,pinch a loaf
3268,pinch one off
3269,ping
3270,pink
3271,pink taco
3272,pins
3273,pirate
3274,pish posh
3275,piss
3276,piss-ant
3277,pissed
3278,piss-fart
3279,piss flaps
3280,piss like a race horse
3281,piss out of (one's) ass
3282,piss-poor
3283,piss taking
3284,PITA
3285,pitch a log
3286,"pits, the"
3287,Pizza Slut
3288,"PJs, the"
3289,place
3290,plank
3291,planking
3292,plant one on
3293,plastered
3294,play
3295,play ball
3296,player
3297,player hate
3298,player hater
3299,play hide the salami
3300,play it cool
3301,play the game
3302,play the skin flute
3303,please
3304,pleased as pie
3305,plox
3306,pls
3307,plug and pray
3308,plugged into
3309,plug through
3310,plum
3311,plumb forget
3312,plumbing
3313,plumpkin
3314,plz
3315,PM
3316,PMJI
3317,pogo
3318,poke
3319,poke smot
3320,pol
3321,pole smoker
3322,polish (one's) knob
3323,politico
3324,polyg
3325,pom
3326,pony up
3327,poo
3328,pooey
3329,poon
3330,poonami
3331,poonaner
3332,poop
3333,pooper
3334,poopy
3335,poot
3336,poo tang
3337,pooter
3338,pop a cap
3339,pop a chub
3340,popcorn fart
3341,pop Cris
3342,popper
3343,pop slag
3344,pop the question
3345,porcelain
3346,pore over
3347,pork
3348,pork sword
3349,porn
3350,poseur
3351,posta
3352,postal
3353,postarrhea
3354,posted up
3355,pot
3356,potato quality
3357,"po, the"
3358,pot-head
3359,potna
3360,potrepreneur
3361,potty
3362,pound
3363,powder (one's) nose
3364,powder room
3365,power top
3366,ppl
3367,prairie dog
3368,prairie dog it
3369,pray to the porcelain god
3370,preash
3371,preemie
3372,'preesh
3373,prefab
3374,preggers
3375,preggo
3376,prego
3377,pregos
3378,prehab
3379,premo
3380,pre-owned
3381,prereq
3382,pressed ham
3383,presser
3384,pressie
3385,prettyful
3386,previous
3387,prezzie
3388,pricey
3389,prick tease
3390,primo
3391,princess
3392,print
3393,prison purse
3394,private eye
3395,private parts
3396,privates
3397,prly
3398,PRNDL stick
3399,prob
3400,prof
3401,prog
3402,"projects, the"
3403,prolly
3404,prom
3405,promposal
3406,propeller head
3407,proper
3408,props
3409,psyched
3410,psycho
3411,psycho-bitch
3412,psychonaut
3413,PUA
3414,pub crawl
3415,pube
3416,pub grub
3417,puddle
3418,puddle jumper
3419,pud whacker
3420,puff
3421,"puff, puff, give"
3422,puffy
3423,puh-leeze
3424,puke
3425,puker
3426,pull a Clarence Thomas
3427,pull an all-nighter
3428,pull on
3429,pull out
3430,pull the pud
3431,pump
3432,pumped
3433,pump full of lead
3434,punanni
3435,punch in
3436,punch it
3437,punch (one's) clown
3438,punk
3439,punter
3440,pupper
3441,puppy love
3442,purp
3443,purr
3444,push off
3445,push rope
3446,puss out
3447,pussy
3448,pussy block
3449,pussy palace
3450,pussy-whipped
3451,'puter
3452,put on airs
3453,put on the map
3454,put out
3455,put out fires
3456,put the beat down
3457,put the smack down
3458,PW
3459,pwd
3460,pwn
3461,PYT
3462,q
3463,QT
3464,qual
3465,queaf
3466,queef
3467,queenpin
3468,queer
3469,"queer, the"
3470,queif
3471,quick
3472,quid
3473,quif
3474,quiff
3475,quite a penny
3476,quivering mound of love pudding
3477,quote mine
3478,r
3479,rachet
3480,rad
3481,radical
3482,rag
3483,rage
3484,rageahol
3485,rage quit
3486,rager
3487,rail
3488,rail (one) out
3489,rain
3490,rainbow kiss
3491,raise the bar
3492,raise the roof
3493,raisin ranch
3494,rake in
3495,ralph
3496,R and R
3497,rapey
3498,rap sheet
3499,rassle
3500,rat
3501,ratard
3502,rat-arsed
3503,rat-assed
3504,rat out
3505,rat race
3506,rattle (one's) dags
3507,raunchy
3508,raw
3509,RCH
3510,reach critical mass
3511,read my lips
3512,real
3513,real estate
3514,real life
3515,Real Soon Now
3516,real talk
3517,ream
3518,rear
3519,reco
3520,redic
3521,redneck
3522,redneck cocaine
3523,Redneck Riviera
3524,redonkulous
3525,refry
3526,reg
3527,reggs
3528,re-gift
3529,rehab
3530,reich-wing
3531,reinvent the wheel
3532,reject
3533,re-jigger
3534,relieve (one's) bowels
3535,relly
3536,rental
3537,'rents
3538,rep
3539,Republicunt
3540,rest and vest
3541,Restroom Romeo
3542,retard
3543,retarded
3544,revert
3545,rez
3546,rhino
3547,'rhoids
3548,rice-rocket
3549,ricockulous
3550,ride
3551,ride high
3552,ridonkulous
3553,riff-raff
3554,right
3555,right on
3556,right-winger
3557,riled up
3558,ring a bell
3559,rinky-dink
3560,RINO
3561,rip a juicy one
3562,rip a new asshole
3563,rip ass
3564,rip off
3565,rip one
3566,ripped
3567,ritzy
3568,RL
3569,RN
3570,RNG hell
3571,roadie
3572,roadkill
3573,road rage
3574,road rash
3575,road soda
3576,road sody
3577,road trip
3578,roast beef curtains
3579,robocall
3580,robotrip
3581,rob the cradle
3582,rock a deuce
3583,rocket surgery
3584,rocking
3585,rock out
3586,rocks
3587,Rocks for Jocks
3588,rock-solid
3589,rock star parking
3590,rock up
3591,rod
3592,ROFL
3593,ROFLMFAO
3594,roid rage
3595,roids
3596,roll
3597,rollicking
3598,roll of the dice
3599,roll out
3600,roll over on
3601,roly-poly
3602,romcom
3603,roofie
3604,roofy
3605,rook
3606,roomie
3607,root
3608,rope
3609,ro-sham-bo
3610,rotation
3611,ROTFLMFAO
3612,rough around the edges
3613,rough up
3614,royally
3615,RSN
3616,RT
3617,r-tard
3618,rubber stamp
3619,rubbish
3620,rub one off
3621,rub one out
3622,"rub, the"
3623,ruh-roh
3624,rule
3625,"rules of the game, the"
3626,run
3627,run around
3628,run-down
3629,run it up the flagpole
3630,run off
3631,run train on
3632,rush
3633,Russell the love muscle
3634,rusty bullet hole
3635,rusty trombone
3636,RWNJ
3637,/s
3638,SA Boutique
3639,sack of shit
3640,sack tap
3641,"sack, the"
3642,sad
3643,sad panda
3644,safety school
3645,salad tossing
3646,salary man
3647,sambo
3648,same diff
3649,"same shit, different day"
3650,samolean
3651,S and M
3652,sarnies
3653,sassy
3654,sauced
3655,sausage
3656,sausage fest
3657,sausage party
3658,sawbuck
3659,saw wood
3660,say wha?
3661,sb
3662,scam
3663,scaredy cat
3664,scare shitless
3665,scare the bejeebers out of
3666,scare the bejesus out of
3667,scare the bejibbers out of
3668,scare the crap out of
3669,scare the shit out of
3670,scare up
3671,scary
3672,schizophrenic
3673,schlong
3674,schlong juice
3675,schlort
3676,schlub
3677,schlubby
3678,schmuck
3679,schmutz
3680,schtupp
3681,schwantz
3682,sciced
3683,science project
3684,scissor
3685,sci-ti
3686,SCNR
3687,"scoop, the"
3688,scoot
3689,scootch
3690,scope
3691,scope out
3692,score
3693,score an own goal
3694,scrape together
3695,scratch
3696,scream
3697,screaming
3698,screenie
3699,screw
3700,screwed
3701,screw it
3702,screw up
3703,screw with (one's) head
3704,screwy
3705,scrilla
3706,scrip
3707,scrog
3708,scrub
3709,scrubb
3710,scum-bucket
3711,scum of the earth
3712,scur
3713,sea hag
3714,seal the deal
3715,sec
3716,Sec Def
3717,see
3718,seed
3719,seed money
3720,see you in hell
3721,"see you later, alligator"
3722,selector
3723,self-abuse
3724,selfie
3725,send to the farm
3726,senioritis
3727,service
3728,sesh
3729,set of wheels
3730,set (one) back
3731,set straight
3732,seven figure
3733,sex
3734,sexeh
3735,sexface
3736,sexploit
3737,sexy
3738,sexy beast
3739,sexy time
3740,SFSG
3741,SFW
3742,SGTM
3743,shaddup
3744,shady
3745,shaft
3746,shag
3747,shagged
3748,shagging wagon
3749,shake the dew off (one's) lilly
3750,shake the spizot
3751,shake the spot
3752,shareware
3753,shark week
3754,sharp as a tack
3755,shart
3756,shart (one's self)
3757,shawty
3758,shedload
3759,sheep
3760,sheesh
3761,sheezy
3762,Sheila
3763,sheisty
3764,shelfware
3765,shiesty
3766,shiksa
3767,shindig
3768,shit
3769,shitballs
3770,shit-bat crazy
3771,shit box
3772,shite
3773,shitface
3774,shit-faced
3775,shitfucker
3776,shithead
3777,shit house door on a tuna boat
3778,shitlist
3779,shit-load
3780,shit out of luck
3781,shits and gigs
3782,shit snacking crackers
3783,shits 'n' giggles
3784,"shits, the"
3785,shit stirrer
3786,shit talking
3787,shitter
3788,shitty
3789,shiv
3790,shiz
3791,shiznat
3792,shiznit
3793,"shiznit, the"
3794,shiznut
3795,shizz
3796,shizzle
3797,shlick
3798,shlong
3799,shmacked
3800,shmancy
3801,shmuck
3802,shmup
3803,shnockered
3804,shocker
3805,"shocker, the"
3806,shock jock
3807,shoe-leather
3808,sho'nuff
3809,shook
3810,shoot
3811,shoot (one's) load
3812,shoot (one's self) in the foot
3813,shoot the breeze
3814,shoot the shit
3815,short and sweet
3816,shorty
3817,shotgun
3818,shotter
3819,shoulda
3820,should have done
3821,shove it
3822,shovelware
3823,shove off
3824,show
3825,show (one's) O face
3826,show some teeth
3827,showstopper
3828,shrapnel
3829,shredded
3830,shrinkage
3831,shroom
3832,SHTF
3833,shtick
3834,shut it
3835,shut (one's) barn door
3836,shut (one's) face
3837,shut (one's) flytrap
3838,shut (one's) hole
3839,shut (one's) mouth wide open
3840,shut (one's) pie-hole
3841,shut up
3842,shwasted
3843,shy bladder
3844,sicc
3845,sick
3846,sick as a dog
3847,sick fuck
3848,side hustle
3849,sike
3850,simmer down
3851,simoleon
3852,since Hector was a pup
3853,sing
3854,sinse
3855,sis
3856,sister
3857,sister from another mister
3858,sit bitch
3859,sitch
3860,sit-down
3861,sit on
3862,sit tight
3863,sitting duck
3864,SIU
3865,six
3866,sixer
3867,six feet under
3868,six-figure
3869,six figures
3870,skedaddle
3871,skeered
3872,skeeter
3873,skeeve out
3874,skeevy
3875,skeevy ho
3876,skerred
3877,sketch
3878,sketch balls
3879,sketchy
3880,ski
3881,-ski
3882,skid row
3883,skills
3884,skillz
3885,skin flick
3886,skin flute
3887,skinny-dip
3888,skint
3889,skippy
3890,skrill
3891,skrilla
3892,skull cave
3893,skullet
3894,skullett
3895,skunk weed
3896,skurred
3897,sky daddy
3898,skyrocket
3899,slackass
3900,slack-jaw
3901,slack-jawed
3902,slag off
3903,slam
3904,slam book
3905,slam dance
3906,slammin'
3907,slam piece
3908,slang
3909,slap on the wrist
3910,slap uglies
3911,slap with
3912,Slashdot
3913,sled
3914,sleep around
3915,slimebag
3916,slimeball
3917,slitch
3918,slizzard
3919,slob (one's) knob
3920,slore
3921,sloshed
3922,slow
3923,slumgullion
3924,slumpbuster
3925,slump buster
3926,slunt
3927,slurp the gherkin
3928,slushbox
3929,slut
3930,slutty
3931,smack
3932,smack dab
3933,smack down
3934,smacktard
3935,small potatoes
3936,"small print, the"
3937,smart cookie
3938,"smart money, the"
3939,smarts
3940,smarty
3941,smash and grab
3942,smashed
3943,smashing
3944,smashingly
3945,SMDH
3946,smeg
3947,SMFH
3948,SMH
3949,smoke
3950,smoked
3951,smoke dope
3952,smoke (one's) johnson
3953,smoke on that
3954,smoke out
3955,smoke pot
3956,smoke test
3957,smoke up
3958,smokey
3959,smokey treat
3960,smoking
3961,smoky treat
3962,smoove
3963,smush
3964,smush mitten
3965,snafu
3966,snag
3967,snail mail
3968,snake
3969,snap
3970,snarf
3971,snart
3972,snatch
3973,sneak
3974,sneakernet
3975,snitch
3976,snobby
3977,snog
3978,snooze
3979,snort
3980,snot
3981,snotlocker
3982,snotty
3983,snough
3984,snow
3985,snowbird
3986,snowtograph
3987,snug as a bug in a rug
3988,so-and-so
3989,socialize
3990,sock
3991,sock puppet
3992,sod
3993,sofa king
3994,softie
3995,SOHO
3996,SOL
3997,somewhen
3998,son
3999,son of a bitch
4000,sororiwhore
4001,sorostitute
4002,soul-sucking
4003,soup coolers
4004,soused
4005,south paw
4006,soz
4007,spaghetti code
4008,spam
4009,spamvertize
4010,Spanglish
4011,spank bank
4012,spanking
4013,spank it
4014,spank (one's) monkey
4015,spank the monkey
4016,spare tire
4017,spark up
4018,spaz
4019,spaz out
4020,spearhead
4021,spec
4022,special K
4023,spec-ops
4024,spec out
4025,speed
4026,speedball
4027,spendy
4028,sperg
4029,spidge
4030,spiffy
4031,spike
4032,spill (one's) beans
4033,spin
4034,spit
4035,'splain
4036,spliff
4037,spliffy
4038,split
4039,split with
4040,sploof
4041,spluge
4042,spoiler alert
4043,sponge off
4044,spoof
4045,spooge
4046,spork
4047,sport
4048,"spotlight, the"
4049,spot on
4050,spread
4051,spread-eagle
4052,spring for
4053,spring on
4054,spun
4055,spun out
4056,squawk
4057,squeal
4058,"squits, the"
4059,srs
4060,srs bzns
4061,srsly
4062,sry
4063,SSDD
4064,SSP
4065,"S squared, D squared"
4066,stabby
4067,stack the deck
4068,stage father
4069,stage mother
4070,stage parent
4071,standard issue
4072,stank you
4073,starfish
4074,Stars for Stoners
4075,starter marriage
4076,stash
4077,stat
4078,steamed up
4079,steep
4080,stellar
4081,stem
4082,stems
4083,step
4084,stepdude
4085,step off
4086,step out
4087,stew
4088,stewed
4089,sth
4090,sticker shock
4091,stiffie
4092,stiffy
4093,stink
4094,stink pickle
4095,stink up the place
4096,stock the lake with brown trout
4097,stog
4098,stogie
4099,stoked
4100,stomp
4101,stone cold fox
4102,stoned
4103,stoner
4104,stoop
4105,stoopid
4106,straighten out
4107,straight from the tap
4108,straight up
4109,strange duck
4110,"stranger, the"
4111,strangle the snake
4112,strap
4113,strapped
4114,strapped for cash
4115,strat
4116,strawberry creams
4117,streak
4118,street cred
4119,street smarts
4120,streetwise
4121,stretch
4122,stripper boots
4123,stripper heels
4124,stroke (one's) salami
4125,stroke the salami
4126,stroll
4127,strung out
4128,"stuff, the"
4129,stuffy
4130,stunner
4131,stupid
4132,stupider
4133,stupid for
4134,stupid fresh
4135,styling
4136,suburban assault vehicle
4137,suck
4138,suck a bag of dicks
4139,suck dick
4140,suck down
4141,suck it
4142,suck (one's) dick
4143,suck rocks
4144,suck shit
4145,suck so hard
4146,suck that
4147,suck the big one
4148,suck the golden teat
4149,suck up
4150,sucky
4151,sucky fucky
4152,suds
4153,sugar daddy
4154,sugar honey ice tea
4155,suicide door
4156,suicide lane
4157,suitably small
4158,sum
4159,sup
4160,'sup
4161,"'sup, b?"
4162,superman
4163,supes
4164,sux
4165,swamped
4166,swank
4167,swap
4168,swap out
4169,swear down
4170,sweater meat
4171,sweater puppies
4172,sweet
4173,sweetchious
4174,sweetie
4175,sweetness
4176,sweet sauce
4177,SWF
4178,Swiss-Army chainsaw
4179,SWM
4180,sword fight
4181,syonara
4182,system
4183,SYT
4184,ta
4185,tache
4186,tacky
4187,-tacular
4188,taint
4189,take
4190,take a crap
4191,take a deuce
4192,take a dirt nap
4193,take a dook
4194,take a dookie
4195,take a duke
4196,take a dump
4197,take a leak
4198,take an l
4199,take a piss
4200,take a poop
4201,take a powder
4202,take a shit
4203,take a skeet
4204,take a slash
4205,take a smash
4206,take a squeege
4207,take a squirt
4208,take a whiz
4209,take down
4210,take it easy
4211,take it in the ass
4212,take it outside
4213,take it up the ass
4214,take out
4215,take shit
4216,take the piss
4217,take the plunge
4218,take the temperature
4219,take time to smell the roses
4220,take vertical
4221,take with a grain of salt
4222,takillya
4223,talent
4224,talk back
4225,talk shit
4226,tallywacker
4227,tallywhacker
4228,tampon tunnel
4229,T and A
4230,tango down
4231,tanked
4232,TANSTAAFL
4233,tap ass
4234,tar
4235,tar and feather
4236,tard
4237,tardnation
4238,-tastic
4239,tata
4240,ta-ta
4241,tattie water
4242,tattle tale
4243,tat up
4244,TAY
4245,TBA
4246,TBD
4247,TBH
4248,t'd off
4249,tea bag
4250,tear arse
4251,tear into
4252,tech
4253,techie
4254,Technicolor yawn
4255,technotard
4256,teenth
4257,teeny-tiny
4258,telly
4259,ten
4260,tenner
4261,ten pounds of shit in a five-pound bag
4262,ten-spot
4263,terribad
4264,terrorist fist jab
4265,Texas tea
4266,TFW
4267,T-Giving
4268,tha
4269,Thai stick
4270,thang
4271,that
4272,that's the stuff
4273,that time of the month
4274,the
4275,the carpet matches the curtains
4276,the carpet matches the drapes
4277,the crap out of
4278,them
4279,the mess out of
4280,the shit out of
4281,the snot out of
4282,they
4283,thick
4284,thick as pig-shit
4285,thick as thieves
4286,thick as two short planks
4287,thing
4288,thingamabob
4289,thing-a-majig
4290,think
4291,think (one's) shit don't stink
4292,think the sun shines out of (one's) ass
4293,"third degree, the"
4294,third wheel
4295,thirsty
4296,this and that
4297,this bitch
4298,this mug
4299,"this, that, and the other"
4300,THO
4301,thorny
4302,threads
4303,three-finger salute
4304,three sheets to the wind
4305,threesie
4306,threesome
4307,three-way
4308,throat
4309,throne
4310,throne room
4311,throw a bone
4312,throw a curveball
4313,throw down
4314,throw (one's) hat in the ring
4315,throw the book at
4316,tht
4317,thug
4318,thump
4319,thurr
4320,thx
4321,thxs
4322,TIA
4323,tick
4324,tickle a bug
4325,tickle the ivories
4326,tied up
4327,tie one on
4328,tie the knot
4329,tiger stripe
4330,tiggobitties
4331,tight-ass
4332,tighten (one's) belt
4333,tighties
4334,tightie whities
4335,tig ol' bitty
4336,tig old bitty
4337,time
4338,time of the month
4339,time sink
4340,time travel juice
4341,Tims
4342,ting
4343,TINLA
4344,tired
4345,tit
4346,tits
4347,tittay
4348,tittie Christ
4349,titty
4350,titty bar
4351,titty fuck
4352,tit wank
4353,Tivo
4354,tizight
4355,TJ
4356,tks
4357,TLA
4358,TLC
4359,tldr
4360,tl;dr
4361,tl;wrl
4362,TMK
4363,TO
4364,toasted
4365,to die for
4366,to do
4367,toe jam
4368,toilet
4369,toker
4370,tomo
4371,ton
4372,tongue
4373,tongue-punch
4374,toodaloo
4375,too-da-loo
4376,toodleoo
4377,toodle-oo
4378,toodles
4379,tool
4380,too much
4381,'toon
4382,toonie
4383,tooshy
4384,toot
4385,toot-a-loo
4386,toot (one's) own horn
4387,toots
4388,top dog
4389,top drawer
4390,top heavy
4391,topless
4392,topless meeting
4393,tore up
4394,torqued
4395,tor up
4396,TOS
4397,toss
4398,toss cookies
4399,tossed
4400,tosser
4401,toss (one's) salad
4402,toss salad
4403,toss-up
4404,tote an ass whuppin'
4405,totty
4406,touchdown
4407,tourney
4408,tow up
4409,TPS report
4410,track
4411,track record
4412,tractored
4413,tracts of land
4414,trade last
4415,trailer park trash
4416,trailer trash
4417,training wheels
4418,trainwreck
4419,train wreck
4420,trammy
4421,tramp
4422,tranny
4423,tranq
4424,trans
4425,trash
4426,trashed
4427,trash panda
4428,treat like dog food
4429,tribute picture
4430,trick knee
4431,trig
4432,trip balls
4433,trip out
4434,trippy
4435,trips
4436,trisexual
4437,troops
4438,"trots, the"
4439,trouser gravy
4440,trouser meat
4441,trouser snake
4442,true colors
4443,true dat
4444,trump
4445,tryina
4446,tryna
4447,trynna
4448,trysexual
4449,try to
4450,TT4N
4451,TTBOMK
4452,TTC
4453,TTFN
4454,TTITD
4455,TTYS
4456,TTYT
4457,tube steak
4458,tucker
4459,tuck into
4460,tuckus
4461,tug
4462,tummy
4463,tuna boat
4464,tune out
4465,tune up
4466,turducken
4467,Turkey Day
4468,turn loose
4469,turn on the waterworks
4470,turps
4471,tush
4472,tushie
4473,tushy
4474,tux
4475,TV
4476,TW
4477,twaddle
4478,twankie-fo's
4479,twat
4480,tweak
4481,tweaker
4482,tweek
4483,tweeker
4484,tween
4485,tweep
4486,twenty-four seven
4487,twerp
4488,twig and berries
4489,twigs and berries
4490,"twins, the"
4491,twisted
4492,twit
4493,twitter
4494,twittlefuck
4495,two-ball compound
4496,two-bit
4497,two bits
4498,two cans short of a six pack
4499,"two in the coot, one in the boot"
4500,twunt
4501,txt
4502,type brick
4503,TYSM
4504,TYT
4505,TYVM
4506,u
4507,uber
4508,UC
4509,UFO
4510,ugh
4511,ugly
4512,ugly as sin
4513,ugly stick
4514,uh-huh
4515,uh-uh
4516,u-ie
4517,UL
4518,unbelievabubble
4519,uncool
4520,underground
4521,unders
4522,underwater basket weaving
4523,unfuckupable
4524,unholy
4525,uni
4526,unpossible
4527,unwind
4528,upboat
4529,upchuck
4530,upcycle
4531,up in here
4532,up in (one's) grill
4533,up (one's) butt
4534,up (one's) duff
4535,up (one's) nose with a rubber hose
4536,upper decker
4537,Upper Rubber Boot
4538,up the duff
4539,up the wazoo
4540,up to
4541,up to (one's) nose in
4542,up yours
4543,ur
4544,urp
4545,use
4546,UYB
4547,V
4548,vaca
4549,vag
4550,Vagina Slime
4551,vagine
4552,vagoo
4553,vajayjay
4554,va-jay-jay
4555,vajizzle
4556,vamoose
4557,vaporware
4558,veggie
4559,vegitate
4560,veg out
4561,verb
4562,vertical
4563,vexed
4564,vid
4565,-ville
4566,vinegar strokes
4567,vinegar syndrome
4568,vio
4569,virgin
4570,vote for
4571,VPL
4572,vulture capitalist
4573,w
4574,w00t
4575,wackadoodle
4576,wacked out
4577,wack it
4578,wacky tobaccy
4579,wahmbulance
4580,wail
4581,wail on
4582,waist deep
4583,wait hand and foot
4584,wake and bake
4585,walk
4586,walkie
4587,"walk of shame, the"
4588,walled garden
4589,Wally World
4590,wang
4591,wank
4592,wanker
4593,wankered
4594,wank it
4595,wank off
4596,want a piece of
4597,warez
4598,warrant wagon
4599,wasbian
4600,WASP
4601,WASPy
4602,wassap
4603,wassup
4604,waste
4605,wasted
4606,wat
4607,watering hole
4608,"waterworks, the"
4609,wavey
4610,wax the carrot
4611,wax the dolphin
4612,way
4613,wazzock
4614,WBS
4615,WDYT
4616,we
4617,W/E
4618,weak
4619,weapons-grade
4620,weasel word
4621,webinar
4622,wedding tackle
4623,weirdo
4624,weird out
4625,well hung
4626,wen
4627,wet blanket
4628,wet burp
4629,wetware
4630,WFH
4631,WFM
4632,WGAF
4633,wha-cha-ma-call-it
4634,whacked
4635,whacked out
4636,whack it
4637,whack off
4638,whaddaya
4639,whaddya
4640,whadja
4641,whale tail
4642,whatcha
4643,what-cha-ma-call-it
4644,whatchamadingy
4645,whatever's clever
4646,what in the hell
4647,what it says on the tin
4648,what's cooking?
4649,what's crackin'?
4650,what's cracking?
4651,what's-her-face
4652,whatshername
4653,what's poppin?
4654,what's the dilly?
4655,what's the dizzle?
4656,what's the haps?
4657,what's the rumpus?
4658,what's up
4659,what the fuck
4660,what the hell
4661,what up?
4662,wheels of steel
4663,whipped
4664,whipper-snapper
4665,whippet
4666,whirlybird
4667,whisker biscuit
4668,whiskey dick
4669,whispering eye
4670,white
4671,white bread
4672,white trash
4673,whitewash
4674,whiz
4675,whiz-bang
4676,whoop (one's) ass
4677,whoopty do
4678,whoosh
4679,whooty
4680,whore
4681,whorehouse
4682,whosawhatsit
4683,who's your daddy
4684,whup
4685,wicked
4686,widger
4687,widget
4688,wif
4689,wife-beater
4690,wigged out
4691,wild out on
4692,willie
4693,Winblows
4694,Windoze
4695,wind up
4696,windy
4697,wingman
4698,winks
4699,winky
4700,winner
4701,wino
4702,WIP
4703,wiped out
4704,wipper-snapper
4705,wise guy
4706,wisnae
4707,wit
4708,wit da quickness
4709,wizard
4710,w/o
4711,wolf down
4712,women's trouble
4713,womp womp
4714,womyn
4715,wonk
4716,woot
4717,woozy
4718,word
4719,word hole
4720,workaround
4721,workation
4722,workcation
4723,work it
4724,work (one's) ass off
4725,work (one's) butt off
4726,work (one's) fingers to the bone
4727,work over
4728,"works, the"
4729,work up
4730,worm out of
4731,WOTD
4732,wounded soldier
4733,wow
4734,wowie zowie
4735,WOYM
4736,wrap up
4737,wrecked
4738,wrench
4739,write-only code
4740,WTF
4741,wuss
4742,wussup
4743,wut
4744,wuz
4745,wwg1wga
4746,wyd
4747,x
4748,"'x' factor, the"
4749,Xmas
4750,XTL
4751,y
4752,y2k
4753,ya
4754,yabo
4755,yack
4756,yada
4757,yahoo
4758,yak
4759,y'all
4760,ya mean
4761,YANAL
4762,yank (one's) chain
4763,yank (one's) crank
4764,yarf
4765,yea
4766,yeah
4767,"yeah, no"
4768,yeah right
4769,yello
4770,yeppers
4771,yer
4772,yers
4773,yes man
4774,yessum
4775,yewy
4776,YHBT
4777,ying-yang
4778,yippee
4779,yippee ki-yay
4780,yis
4781,yiss
4782,yisss
4783,YMMV
4784,yo
4785,yoink
4786,yoked out
4787,yokel
4788,YOLO
4789,yoo-ee
4790,YooKay
4791,you
4792,"you go, girl"
4793,you-know-what
4794,younger model
4795,your boy
4796,your mamma
4797,your mileage may vary
4798,your mom
4799,your other left
4800,your other right
4801,YSK
4802,yt?
4803,yuck
4804,yuck it up
4805,yummy mummy
4806,YW
4807,-z
4808,za
4809,Zanny
4810,zany
4811,zero dark thirty
4812,zero in on
4813,zinger
4814,zip
4815,zip it
4816,zippo
4817,zippy
4818,zit
4819,zombie
4820,zomfg
4821,zonked out
4822,zoot
4823,zooted
4824,zories
4825,zounds
4826,z's
4827,zwa
